iter	Recall	Logloss
0	0.6231192542	0.6869809336
1	0.6218791736	0.6813784732
2	0.6354878913	0.6762983018
3	0.626697328	0.6714185469
4	0.6381787107	0.6669464647
5	0.6335245168	0.6628650019
6	0.6316327452	0.6591347148
7	0.6124089008	0.6557411925
8	0.6208736187	0.6525871575
9	0.6211797474	0.6496982622
